Limit_Version:,
3,
PS_Config_Lmt_Short_TXRX_P:,
3700,3700,3700,3700,3700,3700,3700,3700,3700,3700,3700,3700,3700,3700,3700,3700,3700,3700,
3700,3700,3700,3700,3700,3700,3700,3700,3700,3700,3700,3700,3700,3700,3700,3700,3700,3700,
3700,3700,3700,3700,3700,3700,3700,3700,3700,3700,3700,3700,3700,3700,3700,3700,3700,3700,
3700,3700,3700,3700,3700,3700,3700,3700,3700,3700,3700,3700,3700,3700,3700,3700,3700,3700,
3700,3700,3700,3700,3700,3700,3700,3700,3700,3700,3700,3700,3700,3700,3700,3700,3700,3700,
3700,3700,3700,3700,3700,3700,3700,3700,3700,3700,3700,3700,3700,3700,3700,3700,3700,3700,
3700,3700,3700,3700,3700,3700,3700,3700,3700,3700,3700,3700,3700,3700,3700,3700,3700,3700,
3700,3700,3700,3700,3700,3700,3700,3700,3700,3700,3700,3700,3700,3700,3700,3700,3700,3700,
3700,3700,3700,3700,3700,3700,3700,3700,3700,3700,3700,3700,3700,3700,3700,3700,3700,3700,
3700,3700,3700,3700,3700,3700,3700,3700,3700,3700,3700,3700,3700,3700,3700,3700,3700,3700,
3700,3700,3700,3700,3700,3700,3700,3700,3700,3700,3700,3700,3700,3700,3700,3700,3700,3700,
3700,3700,3700,3700,3700,3700,3700,3700,3700,3700,3700,3700,3700,3700,3700,3700,3700,3700,
3700,3700,3700,3700,3700,3700,3700,3700,3700,3700,3700,3700,3700,3700,3700,3700,3700,3700,
3700,3700,3700,3700,3700,3700,3700,3700,3700,3700,3700,3700,3700,3700,3700,3700,3700,3700,
3700,3700,3700,3700,3700,3700,3700,3700,3700,3700,3700,3700,3700,3700,3700,3700,3700,3700,
3700,3700,3700,3700,3700,3700,3700,3700,3700,3700,3700,3700,3700,3700,3700,3700,3700,3700,
3700,3700,3700,3700,3700,3700,3700,3700,3700,3700,3700,3700,3700,3700,3700,3700,3700,3700,
3700,3700,3700,3700,3700,3700,3700,3700,3700,3700,3700,3700,3700,3700,3700,3700,3700,3700,
3700,3700,3700,3700,3700,3700,3700,3700,3700,3700,3700,3700,3700,3700,3700,3700,3700,3700,
3700,3700,3700,3700,3700,3700,3700,3700,3700,3700,3700,3700,3700,3700,3700,3700,3700,3700,
3700,3700,3700,3700,3700,3700,3700,3700,3700,3700,3700,3700,3700,3700,3700,3700,3700,3700,
3700,3700,3700,3700,3700,3700,3700,3700,3700,3700,3700,3700,3700,3700,3700,3700,3700,3700,
3700,3700,3700,3700,3700,3700,3700,3700,3700,3700,3700,3700,3700,3700,3700,3700,3700,3700,
3700,3700,3700,3700,3700,3700,3700,3700,3700,3700,3700,3700,3700,3700,3700,3700,3700,3700,
3700,3700,3700,3700,3700,3700,3700,3700,3700,3700,3700,3700,3700,3700,3700,3700,3700,3700,
3700,3700,3700,3700,3700,3700,3700,3700,3700,3700,3700,3700,3700,3700,3700,3700,3700,3700,
3700,3700,3700,3700,3700,3700,3700,3700,3700,3700,3700,3700,3700,3700,3700,3700,3700,3700,
3700,3700,3700,3700,3700,3700,3700,3700,3700,3700,3700,3700,3700,3700,3700,3700,3700,3700,
3700,3700,3700,3700,3700,3700,3700,3700,3700,3700,3700,3700,3700,3700,3700,3700,3700,3700,
3700,3700,3700,3700,3700,3700,3700,3700,3700,3700,3700,3700,3700,3700,3700,3700,3700,3700,
3700,3700,3700,3700,3700,3700,3700,3700,3700,3700,3700,3700,3700,3700,3700,3700,3700,3700,
3700,3700,3700,3700,3700,3700,3700,3700,3700,3700,3700,3700,3700,3700,3700,3700,3700,3700,
3700,3700,3700,3700,3700,3700,3700,3700,3700,3700,3700,3700,3700,3700,3700,3700,3700,3700,
3700,3700,3700,3700,3700,3700,3700,3700,3700,3700,3700,3700,3700,3700,3700,3700,3700,3700,
3700,3700,3700,3700,3700,3700,3700,3700,3700,3700,3700,3700,3700,3700,3700,3700,3700,3700,
3700,3700,3700,3700,3700,3700,3700,3700,3700,3700,3700,3700,3700,3700,3700,3700,3700,3700,
3700,3700,3700,3700,3700,3700,3700,3700,3700,3700,3700,3700,3700,3700,3700,3700,3700,3700,
3700,3700,3700,3700,3700,3700,3700,3700,3700,3700,3700,3700,3700,3700,3700,3700,3700,3700,
3700,3700,3700,3700,3700,3700,3700,3700,3700,3700,3700,3700,3700,3700,3700,3700,3700,3700,
PS_Config_Lmt_Short_TXRX_N:,
1700,1700,1700,1700,1700,1700,1700,1700,1700,1700,1700,1700,1700,1700,1700,1700,1700,1700,
1700,1700,1700,1700,1700,1700,1700,1700,1700,1700,1700,1700,1700,1700,1700,1700,1700,1700,
1700,1700,1700,1700,1700,1700,1700,1700,1700,1700,1700,1700,1700,1700,1700,1700,1700,1700,
1700,1700,1700,1700,1700,1700,1700,1700,1700,1700,1700,1700,1700,1700,1700,1700,1700,1700,
1700,1700,1700,1700,1700,1700,1700,1700,1700,1700,1700,1700,1700,1700,1700,1700,1700,1700,
1700,1700,1700,1700,1700,1700,1700,1700,1700,1700,1700,1700,1700,1700,1700,1700,1700,1700,
1700,1700,1700,1700,1700,1700,1700,1700,1700,1700,1700,1700,1700,1700,1700,1700,1700,1700,
1700,1700,1700,1700,1700,1700,1700,1700,1700,1700,1700,1700,1700,1700,1700,1700,1700,1700,
1700,1700,1700,1700,1700,1700,1700,1700,1700,1700,1700,1700,1700,1700,1700,1700,1700,1700,
1700,1700,1700,1700,1700,1700,1700,1700,1700,1700,1700,1700,1700,1700,1700,1700,1700,1700,
1700,1700,1700,1700,1700,1700,1700,1700,1700,1700,1700,1700,1700,1700,1700,1700,1700,1700,
1700,1700,1700,1700,1700,1700,1700,1700,1700,1700,1700,1700,1700,1700,1700,1700,1700,1700,
1700,1700,1700,1700,1700,1700,1700,1700,1700,1700,1700,1700,1700,1700,1700,1700,1700,1700,
1700,1700,1700,1700,1700,1700,1700,1700,1700,1700,1700,1700,1700,1700,1700,1700,1700,1700,
1700,1700,1700,1700,1700,1700,1700,1700,1700,1700,1700,1700,1700,1700,1700,1700,1700,1700,
1700,1700,1700,1700,1700,1700,1700,1700,1700,1700,1700,1700,1700,1700,1700,1700,1700,1700,
1700,1700,1700,1700,1700,1700,1700,1700,1700,1700,1700,1700,1700,1700,1700,1700,1700,1700,
1700,1700,1700,1700,1700,1700,1700,1700,1700,1700,1700,1700,1700,1700,1700,1700,1700,1700,
1700,1700,1700,1700,1700,1700,1700,1700,1700,1700,1700,1700,1700,1700,1700,1700,1700,1700,
1700,1700,1700,1700,1700,1700,1700,1700,1700,1700,1700,1700,1700,1700,1700,1700,1700,1700,
1700,1700,1700,1700,1700,1700,1700,1700,1700,1700,1700,1700,1700,1700,1700,1700,1700,1700,
1700,1700,1700,1700,1700,1700,1700,1700,1700,1700,1700,1700,1700,1700,1700,1700,1700,1700,
1700,1700,1700,1700,1700,1700,1700,1700,1700,1700,1700,1700,1700,1700,1700,1700,1700,1700,
1700,1700,1700,1700,1700,1700,1700,1700,1700,1700,1700,1700,1700,1700,1700,1700,1700,1700,
1700,1700,1700,1700,1700,1700,1700,1700,1700,1700,1700,1700,1700,1700,1700,1700,1700,1700,
1700,1700,1700,1700,1700,1700,1700,1700,1700,1700,1700,1700,1700,1700,1700,1700,1700,1700,
1700,1700,1700,1700,1700,1700,1700,1700,1700,1700,1700,1700,1700,1700,1700,1700,1700,1700,
1700,1700,1700,1700,1700,1700,1700,1700,1700,1700,1700,1700,1700,1700,1700,1700,1700,1700,
1700,1700,1700,1700,1700,1700,1700,1700,1700,1700,1700,1700,1700,1700,1700,1700,1700,1700,
1700,1700,1700,1700,1700,1700,1700,1700,1700,1700,1700,1700,1700,1700,1700,1700,1700,1700,
1700,1700,1700,1700,1700,1700,1700,1700,1700,1700,1700,1700,1700,1700,1700,1700,1700,1700,
1700,1700,1700,1700,1700,1700,1700,1700,1700,1700,1700,1700,1700,1700,1700,1700,1700,1700,
1700,1700,1700,1700,1700,1700,1700,1700,1700,1700,1700,1700,1700,1700,1700,1700,1700,1700,
1700,1700,1700,1700,1700,1700,1700,1700,1700,1700,1700,1700,1700,1700,1700,1700,1700,1700,
1700,1700,1700,1700,1700,1700,1700,1700,1700,1700,1700,1700,1700,1700,1700,1700,1700,1700,
1700,1700,1700,1700,1700,1700,1700,1700,1700,1700,1700,1700,1700,1700,1700,1700,1700,1700,
1700,1700,1700,1700,1700,1700,1700,1700,1700,1700,1700,1700,1700,1700,1700,1700,1700,1700,
1700,1700,1700,1700,1700,1700,1700,1700,1700,1700,1700,1700,1700,1700,1700,1700,1700,1700,
1700,1700,1700,1700,1700,1700,1700,1700,1700,1700,1700,1700,1700,1700,1700,1700,1700,1700,
PS_Config_Lmt_Short_TXTX_P:,
3700,3700,3700,3700,3700,3700,3700,3700,3700,3700,3700,3700,3700,3700,3700,3700,3700,3700,
PS_Config_Lmt_Short_TXTX_N:,
1700,1700,1700,1700,1700,1700,1700,1700,1700,1700,1700,1700,1700,1700,1700,1700,1700,1700,
PS_Config_Lmt_Short_RXRX_P:,
3700,
3700,
3700,
3700,
3700,
3700,
3700,
3700,
3700,
3700,
3700,
3700,
3700,
3700,
3700,
3700,
3700,
3700,
3700,
3700,
3700,
3700,
3700,
3700,
3700,
3700,
3700,
3700,
3700,
3700,
3700,
3700,
3700,
3700,
3700,
3700,
3700,
3700,
3700,
PS_Config_Lmt_Short_RXRX_N:,
1700,
1700,
1700,
1700,
1700,
1700,
1700,
1700,
1700,
1700,
1700,
1700,
1700,
1700,
1700,
1700,
1700,
1700,
1700,
1700,
1700,
1700,
1700,
1700,
1700,
1700,
1700,
1700,
1700,
1700,
1700,
1700,
1700,
1700,
1700,
1700,
1700,
1700,
1700,
PS_Config_Lmt_Open_Mutual_P:,
65535,3065,3302,3229,3306,3164,3289,3194,3128,2980,3160,3074,3151,3097,3149,3080,2896,65535,
3235,3204,3196,3189,3197,3120,3180,3161,2712,2523,3062,3030,3045,3061,3045,3044,3073,2946,
3294,3152,3125,3152,3123,3083,3107,3099,3162,3025,2967,2996,2975,3025,2972,3007,2981,3042,
3332,3152,3161,3151,3157,3080,3141,3097,3161,2987,2997,2991,3009,3023,3006,3003,3013,3035,
3241,3232,3213,3168,3138,3099,3122,3118,3145,3006,2978,3012,2990,3042,2990,3022,2994,3051,
3260,3229,3228,3154,3158,3083,3144,3102,3165,2991,3002,2997,3013,3029,3013,3009,3017,3038,
3267,3283,3239,3206,3173,3135,3160,3154,3178,3038,3012,3045,3025,3075,3025,3055,3030,3086,
3273,3247,3257,3176,3181,3106,3167,3123,3189,3013,3019,3016,3032,3048,3033,3028,3038,3058,
3226,3174,3148,3234,3212,3103,3126,3120,3148,3009,2978,3010,2990,3042,2991,3022,2996,3055,
3276,3189,3199,3260,3254,3115,3177,3135,3199,3020,3028,3025,3041,3055,3041,3035,3045,3065,
3225,3177,3151,3251,3200,3104,3128,3122,3149,3007,2978,3012,2993,3042,2993,3023,2996,3052,
3271,3186,3193,3247,3249,3109,3170,3129,3191,3013,3020,3017,3035,3048,3033,3028,3038,3054,
3251,3202,3173,3194,3161,3189,3220,3146,3171,3029,3002,3035,3015,3065,3015,3045,3017,3070,
3290,3204,3213,3194,3196,3199,3249,3146,3209,3029,3038,3035,3051,3065,3052,3044,3054,3070,
3261,3210,3177,3194,3158,3202,3207,3145,3170,3026,2997,3030,3012,3061,3012,3041,3015,3068,
3289,3190,3189,3165,3165,3162,3223,3115,3177,2999,3006,3003,3020,3033,3020,3013,3022,3041,
3315,3232,3189,3200,3162,3131,3151,3212,3245,3030,3003,3033,3015,3064,3015,3044,3016,3068,
3426,3252,3232,3197,3194,3123,3181,3216,3265,3023,3032,3028,3045,3060,3046,3039,3048,3064,
3667,3332,3238,3226,3180,3146,3167,3242,3255,3044,3016,3048,3028,3075,3028,3055,3028,3078,
3057,3054,3067,3058,3067,2996,3057,3019,3080,3207,3216,3213,3232,3247,3236,3232,3242,3378,
3032,3070,3046,3074,3045,3012,3035,3032,3055,3219,3191,3225,3209,3258,3212,3245,3218,3373,
3042,3038,3051,3041,3048,2978,3038,3000,3060,3187,3196,3193,3213,3228,3219,3215,3225,3334,
3041,3071,3049,3075,3046,3015,3036,3039,3060,3220,3193,3226,3210,3260,3216,3247,3220,3373,
3080,3074,3088,3078,3086,3020,3077,3041,3099,3226,3235,3231,3249,3262,3258,3322,3323,3305,
3051,3080,3058,3084,3055,3025,3048,3048,3067,3231,3202,3235,3219,3267,3225,3318,3303,3306,
3087,3083,3096,3086,3091,3026,3084,3048,3104,3232,3241,3236,3257,3268,3262,3318,3347,3305,
3033,3067,3046,3071,3044,3013,3035,3033,3055,3218,3190,3222,3206,3252,3212,3310,3286,3287,
3078,3075,3091,3080,3087,3023,3080,3045,3100,3228,3235,3231,3251,3332,3319,3255,3267,3293,
3074,3109,3088,3113,3084,3057,3077,3078,3097,3258,3231,3261,3247,3355,3326,3286,3260,3325,
3093,3094,3109,3099,3107,3044,3099,3064,3118,3247,3255,3248,3270,3338,3354,3274,3284,3306,
3074,3110,3090,3115,3087,3062,3080,3081,3097,3261,3234,3264,3249,3363,3325,3290,3265,3323,
3112,3110,3126,3116,3123,3062,3115,3083,3135,3260,3270,3332,3344,3293,3293,3289,3302,3319,
3093,3128,3107,3133,3104,3081,3097,3102,3116,3280,3254,3344,3339,3313,3278,3312,3286,3341,
3123,3122,3138,3126,3133,3075,3128,3094,3145,3273,3284,3335,3376,3306,3309,3307,3319,3338,
3116,3152,3133,3158,3129,3107,3123,3128,3141,3303,3277,3373,3357,3334,3303,3336,3313,3371,
3173,3171,3189,3177,3186,3129,3181,3149,3197,3399,3397,3328,3348,3355,3360,3363,3377,3403,
3142,3174,3158,3183,3157,3138,3152,3160,3171,3397,3380,3334,3319,3363,3334,3370,3352,3464,
3061,3171,3181,3171,3180,3126,3178,3151,3199,3396,3413,3325,3347,3354,3361,3370,3410,3466,
65535,3123,3219,3244,3209,3200,3213,3248,3278,3513,3460,3392,3380,3416,3402,3463,3421,65535,
PS_Config_Lmt_Open_Mutual_N:,
-65535,1163,1252,1225,1254,1200,1247,1212,1186,1130,1198,1166,1195,1175,1195,1168,1098,-65535,
1227,1216,1212,1209,1213,1184,1206,1199,1028,957,1162,1150,1155,1161,1155,1154,1165,1118,
1250,1196,1185,1196,1185,1169,1179,1175,1200,1147,1125,1136,1129,1147,1128,1141,1131,1154,
1264,1196,1199,1195,1197,1168,1191,1175,1199,1133,1137,1135,1141,1147,1140,1139,1143,1151,
1229,1226,1219,1202,1190,1175,1184,1182,1193,1140,1130,1142,1134,1154,1134,1146,1136,1157,
1236,1225,1224,1196,1198,1169,1192,1176,1201,1135,1138,1137,1143,1149,1143,1141,1145,1152,
1239,1245,1229,1216,1203,1189,1198,1196,1206,1152,1142,1155,1147,1167,1147,1159,1150,1170,
1241,1231,1235,1204,1207,1178,1201,1185,1209,1143,1145,1144,1150,1156,1151,1148,1152,1160,
1224,1204,1194,1226,1218,1177,1186,1184,1194,1141,1130,1142,1134,1154,1135,1146,1136,1159,
1242,1209,1213,1236,1234,1181,1205,1189,1213,1146,1148,1147,1153,1159,1153,1151,1155,1163,
1223,1205,1195,1233,1214,1178,1186,1184,1195,1141,1130,1142,1135,1154,1135,1147,1136,1158,
1241,1208,1211,1231,1233,1179,1202,1187,1211,1143,1146,1145,1151,1156,1151,1148,1152,1158,
1233,1214,1203,1212,1199,1209,1222,1194,1203,1149,1138,1151,1143,1163,1143,1155,1145,1164,
1248,1216,1219,1212,1212,1213,1233,1194,1217,1149,1152,1151,1157,1163,1158,1154,1158,1164,
1237,1218,1205,1212,1198,1214,1217,1193,1202,1148,1137,1150,1142,1161,1142,1153,1143,1164,
1247,1210,1209,1201,1201,1200,1223,1181,1205,1137,1140,1139,1146,1151,1146,1143,1146,1153,
1257,1226,1209,1214,1200,1187,1195,1218,1231,1150,1139,1151,1143,1162,1143,1154,1144,1164,
1300,1234,1226,1213,1212,1185,1207,1220,1239,1147,1150,1148,1155,1160,1156,1153,1156,1162,
1391,1264,1228,1224,1206,1194,1201,1230,1235,1154,1144,1156,1148,1167,1148,1159,1148,1168,
1159,1158,1163,1160,1163,1136,1159,1145,1168,1217,1220,1219,1226,1231,1228,1226,1230,1282,
1150,1164,1156,1166,1155,1142,1151,1150,1159,1221,1211,1223,1217,1236,1218,1231,1220,1279,
1154,1152,1157,1153,1156,1130,1152,1138,1160,1209,1212,1211,1219,1224,1221,1219,1223,1264,
1153,1165,1157,1167,1156,1143,1152,1153,1160,1222,1211,1224,1218,1236,1220,1231,1222,1279,
1168,1166,1172,1168,1170,1146,1167,1153,1175,1224,1227,1225,1233,1238,1236,1260,1261,1253,
1157,1168,1160,1170,1159,1147,1156,1156,1163,1225,1214,1227,1221,1239,1223,1258,1253,1254,
1171,1169,1174,1170,1173,1148,1170,1156,1178,1226,1229,1228,1235,1240,1238,1258,1269,1253,
1151,1163,1156,1165,1154,1143,1151,1151,1159,1220,1210,1222,1216,1234,1218,1256,1246,1247,
1168,1167,1173,1168,1171,1147,1168,1155,1176,1224,1227,1225,1233,1264,1259,1235,1239,1249,
1166,1179,1172,1181,1170,1159,1167,1168,1175,1236,1225,1237,1231,1273,1262,1246,1236,1261,
1173,1174,1179,1175,1179,1154,1175,1162,1182,1231,1235,1232,1240,1266,1272,1242,1246,1254,
1166,1180,1172,1181,1171,1162,1168,1169,1175,1237,1226,1238,1233,1275,1261,1248,1239,1261,
1180,1180,1186,1182,1185,1162,1181,1169,1189,1236,1240,1264,1268,1249,1249,1247,1252,1259,
1173,1186,1179,1189,1178,1169,1175,1176,1182,1244,1234,1268,1267,1257,1244,1256,1246,1267,
1185,1184,1190,1186,1189,1167,1186,1174,1193,1241,1246,1265,1280,1254,1255,1255,1259,1266,
1182,1196,1189,1198,1187,1179,1185,1186,1191,1253,1243,1279,1273,1264,1253,1266,1257,1279,
1203,1203,1209,1205,1208,1187,1207,1195,1213,1289,1289,1262,1270,1273,1274,1275,1281,1291,
1192,1204,1198,1207,1197,1190,1196,1198,1203,1289,1282,1264,1259,1275,1264,1278,1272,1314,
1161,1203,1207,1203,1206,1186,1206,1195,1213,1288,1295,1261,1269,1272,1275,1278,1294,1314,
-65535,1185,1221,1230,1217,1214,1219,1232,1244,1333,1312,1286,1282,1296,1290,1313,1297,-65535,
PS_Config_Lmt_Open_SelfTX_P:,
2535,2694,2703,2720,2716,2715,2698,2727,2696,2680,2696,2684,2679,2702,2680,2680,2664,2524,
PS_Config_Lmt_Open_SelfTX_N:,
845,898,901,906,906,905,900,909,898,894,898,894,893,900,894,894,888,842,
PS_Config_Lmt_Open_SelfRX_P:,
2732,
2826,
2835,
2816,
2818,
2776,
2774,
2750,
2763,
2763,
2745,
2727,
2738,
2708,
2734,
2726,
2745,
2704,
2716,
2682,
2706,
2696,
2676,
2668,
2661,
2673,
2680,
2670,
2672,
2649,
2646,
2652,
2656,
2658,
2637,
2648,
2637,
2601,
2451,
PS_Config_Lmt_Open_SelfRX_N:,
910,
942,
945,
938,
940,
926,
924,
916,
921,
921,
915,
909,
912,
902,
912,
908,
915,
902,
906,
894,
902,
898,
892,
890,
887,
891,
894,
890,
890,
883,
882,
884,
886,
886,
879,
882,
879,
867,
817,
PS_Config_Lmt_FW_Rawdata_P:,
3489,3262,3307,3273,3258,3255,3303,3305,3307,3325,3276,3332,3319,3300,3312,3319,3270,3543,
3300,3259,3333,3333,3322,3321,3331,3345,3312,3328,3329,3352,3350,3340,3333,3318,3308,3268,
3233,3298,3338,3314,3289,3305,3289,3349,3317,3312,3314,3329,3350,3350,3291,3294,3349,3272,
3317,3336,3318,3319,3336,3305,3352,3346,3304,3371,3339,3342,3356,3325,3315,3270,3356,3312,
3277,3325,3317,3307,3335,3349,3329,3319,3332,3332,3391,3325,3349,3364,3331,3332,3366,3297,
3289,3343,3315,3345,3342,3349,3329,3319,3339,3322,3357,3353,3356,3359,3310,3325,3331,3333,
3282,3300,3342,3343,3357,3331,3356,3315,3331,3314,3352,3353,3346,3322,3332,3326,3325,3307,
3280,3331,3293,3329,3325,3332,3314,3304,3324,3308,3345,3342,3343,3346,3297,3312,3317,3318,
3282,3364,3359,3340,3317,3339,3319,3364,3366,3326,3357,3357,3336,3338,3356,3291,3290,3318,
3287,3342,3326,3328,3366,3340,3361,3324,3347,3359,3371,3353,3385,3354,3345,3366,3335,3279,
3294,3308,3279,3298,3328,3308,3318,3322,3333,3335,3307,3326,3345,3335,3324,3328,3244,3328,
3291,3340,3329,3335,3364,3343,3368,3332,3354,3366,3377,3360,3387,3357,3350,3370,3340,3283,
3248,3322,3277,3312,3326,3329,3315,3298,3265,3305,3311,3311,3307,3326,3339,3317,3275,3217,
3287,3319,3296,3280,3290,3293,3291,3350,3338,3347,3312,3275,3318,3350,3349,3272,3301,3242,
3273,3317,3280,3311,3305,3293,3324,3290,3303,3318,3310,3273,3321,3346,3311,3282,3310,3214,
3252,3335,3272,3335,3303,3326,3312,3315,3300,3340,3305,3297,3317,3370,3307,3305,3304,3237,
3261,3284,3289,3272,3321,3301,3322,3298,3280,3336,3294,3307,3350,3342,3328,3304,3347,3244,
3238,3282,3314,3314,3303,3297,3273,3273,3263,3289,3298,3354,3329,3283,3290,3286,3289,3252,
3228,3268,3272,3275,3311,3307,3324,3297,3317,3310,3301,3251,3298,3317,3317,3276,3304,3244,
3331,3416,3396,3352,3360,3399,3368,3368,3367,3371,3353,3416,3359,3378,3315,3374,3336,3294,
3328,3405,3382,3345,3378,3360,3354,3361,3375,3368,3375,3377,3340,3346,3319,3335,3331,3304,
3354,3429,3422,3373,3343,3384,3367,3375,3354,3367,3378,3419,3380,3371,3347,3405,3339,3308,
3322,3402,3380,3342,3375,3357,3353,3360,3375,3368,3375,3377,3338,3345,3318,3333,3329,3305,
3361,3381,3377,3403,3384,3373,3359,3370,3347,3364,3406,3408,3396,3364,3340,3336,3315,3319,
3346,3396,3382,3356,3370,3440,3367,3382,3402,3395,3394,3381,3363,3353,3349,3377,3361,3338,
3366,3382,3380,3406,3385,3377,3363,3374,3350,3368,3409,3410,3399,3367,3343,3349,3305,3328,
3338,3382,3413,3360,3363,3398,3374,3395,3368,3357,3422,3375,3391,3350,3347,3367,3338,3317,
3366,3387,3332,3346,3374,3360,3361,3359,3339,3356,3339,3403,3367,3325,3356,3359,3308,3283,
3328,3331,3349,3329,3346,3346,3333,3328,3345,3374,3374,3370,3374,3342,3338,3363,3314,3261,
3335,3366,3319,3319,3349,3367,3338,3361,3308,3363,3346,3378,3335,3338,3336,3361,3311,3252,
3321,3356,3346,3357,3333,3338,3361,3364,3340,3382,3367,3363,3406,3371,3366,3380,3347,3290,
3366,3385,3331,3346,3373,3357,3359,3356,3336,3353,3336,3343,3317,3380,3402,3353,3303,3282,
3321,3394,3374,3359,3332,3381,3381,3331,3374,3359,3350,3349,3361,3345,3357,3359,3284,3283,
3308,3370,3385,3364,3354,3392,3325,3336,3368,3352,3308,3328,3338,3366,3377,3360,3290,3329,
3325,3360,3339,3335,3314,3346,3347,3333,3349,3357,3317,3350,3368,3317,3321,3357,3272,3277,
3282,3317,3325,3345,3303,3270,3326,3310,3329,3336,3322,3318,3282,3328,3326,3328,3301,3262,
3277,3371,3364,3318,3335,3353,3347,3356,3366,3311,3350,3373,3301,3335,3329,3340,3338,3297,
3284,3317,3346,3291,3352,3336,3331,3326,3325,3293,3293,3335,3317,3342,3310,3307,3270,3276,
3492,3346,3311,3319,3343,3325,3364,3317,3345,3312,3349,3342,3343,3346,3342,3280,3269,3438,
PS_Config_Lmt_FW_Rawdata_N:,
1495,1398,1417,1403,1396,1395,1415,1417,1417,1425,1404,1428,1423,1414,1420,1423,1402,1519,
1414,1397,1429,1429,1424,1423,1427,1433,1420,1426,1427,1436,1436,1432,1429,1422,1418,1400,
1385,1414,1430,1420,1409,1417,1409,1435,1421,1420,1420,1427,1436,1436,1411,1412,1435,1402,
1421,1430,1422,1423,1430,1417,1436,1434,1416,1445,1431,1432,1438,1425,1421,1402,1438,1420,
1405,1425,1421,1417,1429,1435,1427,1423,1428,1428,1453,1425,1435,1442,1427,1428,1442,1413,
1409,1433,1421,1433,1432,1435,1427,1423,1431,1424,1439,1437,1438,1439,1418,1425,1427,1429,
1406,1414,1432,1433,1439,1427,1438,1421,1427,1420,1436,1437,1434,1424,1428,1426,1425,1417,
1406,1427,1411,1427,1425,1428,1420,1416,1424,1418,1433,1432,1433,1434,1413,1420,1421,1422,
1406,1442,1439,1432,1421,1431,1423,1442,1442,1426,1439,1439,1430,1430,1438,1411,1410,1422,
1409,1432,1426,1426,1442,1432,1441,1424,1435,1439,1445,1437,1451,1438,1433,1442,1429,1405,
1412,1418,1405,1414,1426,1418,1422,1424,1429,1429,1417,1426,1433,1429,1424,1426,1390,1426,
1411,1432,1427,1429,1442,1433,1444,1428,1438,1442,1447,1440,1451,1439,1436,1444,1432,1407,
1392,1424,1405,1420,1426,1427,1421,1414,1399,1417,1419,1419,1417,1426,1431,1421,1403,1379,
1409,1423,1412,1406,1410,1411,1411,1436,1430,1435,1420,1403,1422,1436,1435,1402,1415,1390,
1403,1421,1406,1419,1417,1411,1424,1410,1415,1422,1418,1403,1423,1434,1419,1406,1418,1378,
1394,1429,1402,1429,1415,1426,1420,1421,1414,1432,1417,1413,1421,1444,1417,1417,1416,1387,
1397,1408,1409,1402,1423,1415,1424,1414,1406,1430,1412,1417,1436,1432,1426,1416,1435,1390,
1388,1406,1420,1420,1415,1413,1403,1403,1399,1409,1414,1438,1427,1407,1410,1408,1409,1394,
1384,1400,1402,1403,1419,1417,1424,1413,1421,1418,1415,1393,1414,1421,1421,1404,1416,1390,
1427,1464,1456,1436,1440,1457,1444,1444,1443,1445,1437,1464,1439,1448,1421,1446,1430,1412,
1426,1459,1450,1433,1448,1440,1438,1441,1447,1444,1447,1447,1432,1434,1423,1429,1427,1416,
1438,1469,1466,1445,1433,1450,1443,1447,1438,1443,1448,1465,1448,1445,1435,1459,1431,1418,
1424,1458,1448,1432,1447,1439,1437,1440,1447,1444,1447,1447,1430,1433,1422,1429,1427,1417,
1441,1449,1447,1459,1450,1445,1439,1444,1435,1442,1460,1460,1456,1442,1432,1430,1421,1423,
1434,1456,1450,1438,1444,1474,1443,1450,1458,1455,1454,1449,1441,1437,1435,1447,1441,1430,
1442,1450,1448,1460,1451,1447,1441,1446,1436,1444,1461,1462,1457,1443,1433,1435,1417,1426,
1430,1450,1463,1440,1441,1456,1446,1455,1444,1439,1466,1447,1453,1436,1435,1443,1430,1421,
1442,1451,1428,1434,1446,1440,1441,1439,1431,1438,1431,1459,1443,1425,1438,1439,1418,1407,
1426,1427,1435,1427,1434,1434,1429,1426,1433,1446,1446,1444,1446,1432,1430,1441,1420,1397,
1429,1442,1423,1423,1435,1443,1430,1441,1418,1441,1434,1448,1429,1430,1430,1441,1419,1394,
1423,1438,1434,1439,1429,1430,1441,1442,1432,1450,1443,1441,1460,1445,1442,1448,1435,1410,
1442,1451,1427,1434,1445,1439,1439,1438,1430,1437,1430,1433,1421,1448,1458,1437,1415,1406,
1423,1454,1446,1439,1428,1449,1449,1427,1446,1439,1436,1435,1441,1433,1439,1439,1408,1407,
1418,1444,1451,1442,1438,1454,1425,1430,1444,1436,1418,1426,1430,1442,1447,1440,1410,1427,
1425,1440,1431,1429,1420,1434,1435,1429,1435,1439,1421,1436,1444,1421,1423,1439,1402,1405,
1406,1421,1425,1433,1415,1402,1426,1418,1427,1430,1424,1422,1406,1426,1426,1426,1415,1398,
1405,1445,1442,1422,1429,1437,1435,1438,1442,1419,1436,1445,1415,1429,1427,1432,1430,1413,
1408,1421,1434,1411,1436,1430,1427,1426,1425,1411,1411,1429,1421,1432,1418,1417,1402,1404,
1496,1434,1419,1423,1433,1425,1442,1421,1433,1420,1435,1432,1433,1434,1432,1406,1401,1474,
PS_Config_Lmt_FW_CC_P:,
80,80,80,80,80,80,80,80,80,80,80,80,80,80,80,80,80,80,
80,80,80,80,80,80,80,80,80,80,80,80,80,80,80,80,80,80,
80,80,80,80,80,80,80,80,80,80,80,80,80,80,80,80,80,80,
80,80,80,80,80,80,80,80,80,80,80,80,80,80,80,80,80,80,
80,80,80,80,80,80,80,80,80,80,80,80,80,80,80,80,80,80,
80,80,80,80,80,80,80,80,80,80,80,80,80,80,80,80,80,80,
80,80,80,80,80,80,80,80,80,80,80,80,80,80,80,80,80,80,
80,80,80,80,80,80,80,80,80,80,80,80,80,80,80,80,80,80,
80,80,80,80,80,80,80,80,80,80,80,80,80,80,80,80,80,80,
80,80,80,80,80,80,80,80,80,80,80,80,80,80,80,80,80,80,
80,80,80,80,80,80,80,80,80,80,80,80,80,80,80,80,80,80,
80,80,80,80,80,80,80,80,80,80,80,80,80,80,80,80,80,80,
80,80,80,80,80,80,80,80,80,80,80,80,80,80,80,80,80,80,
80,80,80,80,80,80,80,80,80,80,80,80,80,80,80,80,80,80,
80,80,80,80,80,80,80,80,80,80,80,80,80,80,80,80,80,80,
80,80,80,80,80,80,80,80,80,80,80,80,80,80,80,80,80,80,
80,80,80,80,80,80,80,80,80,80,80,80,80,80,80,80,80,80,
80,80,80,80,80,80,80,80,80,80,80,80,80,80,80,80,80,80,
80,80,80,80,80,80,80,80,80,80,80,80,80,80,80,80,80,80,
80,80,80,80,80,80,80,80,80,80,80,80,80,80,80,80,80,80,
80,80,80,80,80,80,80,80,80,80,80,80,80,80,80,80,80,80,
80,80,80,80,80,80,80,80,80,80,80,80,80,80,80,80,80,80,
80,80,80,80,80,80,80,80,80,80,80,80,80,80,80,80,80,80,
80,80,80,80,80,80,80,80,80,80,80,80,80,80,80,80,80,80,
80,80,80,80,80,80,80,80,80,80,80,80,80,80,80,80,80,80,
80,80,80,80,80,80,80,80,80,80,80,80,80,80,80,80,80,80,
80,80,80,80,80,80,80,80,80,80,80,80,80,80,80,80,80,80,
80,80,80,80,80,80,80,80,80,80,80,80,80,80,80,80,80,80,
80,80,80,80,80,80,80,80,80,80,80,80,80,80,80,80,80,80,
80,80,80,80,80,80,80,80,80,80,80,80,80,80,80,80,80,80,
80,80,80,80,80,80,80,80,80,80,80,80,80,80,80,80,80,80,
80,80,80,80,80,80,80,80,80,80,80,80,80,80,80,80,80,80,
80,80,80,80,80,80,80,80,80,80,80,80,80,80,80,80,80,80,
80,80,80,80,80,80,80,80,80,80,80,80,80,80,80,80,80,80,
80,80,80,80,80,80,80,80,80,80,80,80,80,80,80,80,80,80,
80,80,80,80,80,80,80,80,80,80,80,80,80,80,80,80,80,80,
80,80,80,80,80,80,80,80,80,80,80,80,80,80,80,80,80,80,
80,80,80,80,80,80,80,80,80,80,80,80,80,80,80,80,80,80,
80,80,80,80,80,80,80,80,80,80,80,80,80,80,80,80,80,80,
PS_Config_Lmt_FW_CC_N:,
-80,-80,-80,-80,-80,-80,-80,-80,-80,-80,-80,-80,-80,-80,-80,-80,-80,-80,
-80,-80,-80,-80,-80,-80,-80,-80,-80,-80,-80,-80,-80,-80,-80,-80,-80,-80,
-80,-80,-80,-80,-80,-80,-80,-80,-80,-80,-80,-80,-80,-80,-80,-80,-80,-80,
-80,-80,-80,-80,-80,-80,-80,-80,-80,-80,-80,-80,-80,-80,-80,-80,-80,-80,
-80,-80,-80,-80,-80,-80,-80,-80,-80,-80,-80,-80,-80,-80,-80,-80,-80,-80,
-80,-80,-80,-80,-80,-80,-80,-80,-80,-80,-80,-80,-80,-80,-80,-80,-80,-80,
-80,-80,-80,-80,-80,-80,-80,-80,-80,-80,-80,-80,-80,-80,-80,-80,-80,-80,
-80,-80,-80,-80,-80,-80,-80,-80,-80,-80,-80,-80,-80,-80,-80,-80,-80,-80,
-80,-80,-80,-80,-80,-80,-80,-80,-80,-80,-80,-80,-80,-80,-80,-80,-80,-80,
-80,-80,-80,-80,-80,-80,-80,-80,-80,-80,-80,-80,-80,-80,-80,-80,-80,-80,
-80,-80,-80,-80,-80,-80,-80,-80,-80,-80,-80,-80,-80,-80,-80,-80,-80,-80,
-80,-80,-80,-80,-80,-80,-80,-80,-80,-80,-80,-80,-80,-80,-80,-80,-80,-80,
-80,-80,-80,-80,-80,-80,-80,-80,-80,-80,-80,-80,-80,-80,-80,-80,-80,-80,
-80,-80,-80,-80,-80,-80,-80,-80,-80,-80,-80,-80,-80,-80,-80,-80,-80,-80,
-80,-80,-80,-80,-80,-80,-80,-80,-80,-80,-80,-80,-80,-80,-80,-80,-80,-80,
-80,-80,-80,-80,-80,-80,-80,-80,-80,-80,-80,-80,-80,-80,-80,-80,-80,-80,
-80,-80,-80,-80,-80,-80,-80,-80,-80,-80,-80,-80,-80,-80,-80,-80,-80,-80,
-80,-80,-80,-80,-80,-80,-80,-80,-80,-80,-80,-80,-80,-80,-80,-80,-80,-80,
-80,-80,-80,-80,-80,-80,-80,-80,-80,-80,-80,-80,-80,-80,-80,-80,-80,-80,
-80,-80,-80,-80,-80,-80,-80,-80,-80,-80,-80,-80,-80,-80,-80,-80,-80,-80,
-80,-80,-80,-80,-80,-80,-80,-80,-80,-80,-80,-80,-80,-80,-80,-80,-80,-80,
-80,-80,-80,-80,-80,-80,-80,-80,-80,-80,-80,-80,-80,-80,-80,-80,-80,-80,
-80,-80,-80,-80,-80,-80,-80,-80,-80,-80,-80,-80,-80,-80,-80,-80,-80,-80,
-80,-80,-80,-80,-80,-80,-80,-80,-80,-80,-80,-80,-80,-80,-80,-80,-80,-80,
-80,-80,-80,-80,-80,-80,-80,-80,-80,-80,-80,-80,-80,-80,-80,-80,-80,-80,
-80,-80,-80,-80,-80,-80,-80,-80,-80,-80,-80,-80,-80,-80,-80,-80,-80,-80,
-80,-80,-80,-80,-80,-80,-80,-80,-80,-80,-80,-80,-80,-80,-80,-80,-80,-80,
-80,-80,-80,-80,-80,-80,-80,-80,-80,-80,-80,-80,-80,-80,-80,-80,-80,-80,
-80,-80,-80,-80,-80,-80,-80,-80,-80,-80,-80,-80,-80,-80,-80,-80,-80,-80,
-80,-80,-80,-80,-80,-80,-80,-80,-80,-80,-80,-80,-80,-80,-80,-80,-80,-80,
-80,-80,-80,-80,-80,-80,-80,-80,-80,-80,-80,-80,-80,-80,-80,-80,-80,-80,
-80,-80,-80,-80,-80,-80,-80,-80,-80,-80,-80,-80,-80,-80,-80,-80,-80,-80,
-80,-80,-80,-80,-80,-80,-80,-80,-80,-80,-80,-80,-80,-80,-80,-80,-80,-80,
-80,-80,-80,-80,-80,-80,-80,-80,-80,-80,-80,-80,-80,-80,-80,-80,-80,-80,
-80,-80,-80,-80,-80,-80,-80,-80,-80,-80,-80,-80,-80,-80,-80,-80,-80,-80,
-80,-80,-80,-80,-80,-80,-80,-80,-80,-80,-80,-80,-80,-80,-80,-80,-80,-80,
-80,-80,-80,-80,-80,-80,-80,-80,-80,-80,-80,-80,-80,-80,-80,-80,-80,-80,
-80,-80,-80,-80,-80,-80,-80,-80,-80,-80,-80,-80,-80,-80,-80,-80,-80,-80,
-80,-80,-80,-80,-80,-80,-80,-80,-80,-80,-80,-80,-80,-80,-80,-80,-80,-80,
PS_Config_Lmt_FW_Diff_P:,
75,75,75,75,75,75,75,75,75,75,75,75,75,75,75,75,75,75,
75,75,75,75,75,75,75,75,75,75,75,75,75,75,75,75,75,75,
75,75,75,75,75,75,75,75,75,75,75,75,75,75,75,75,75,75,
75,75,75,75,75,75,75,75,75,75,75,75,75,75,75,75,75,75,
75,75,75,75,75,75,75,75,75,75,75,75,75,75,75,75,75,75,
75,75,75,75,75,75,75,75,75,75,75,75,75,75,75,75,75,75,
75,75,75,75,75,75,75,75,75,75,75,75,75,75,75,75,75,75,
75,75,75,75,75,75,75,75,75,75,75,75,75,75,75,75,75,75,
75,75,75,75,75,75,75,75,75,75,75,75,75,75,75,75,75,75,
75,75,75,75,75,75,75,75,75,75,75,75,75,75,75,75,75,75,
75,75,75,75,75,75,75,75,75,75,75,75,75,75,75,75,75,75,
75,75,75,75,75,75,75,75,75,75,75,75,75,75,75,75,75,75,
75,75,75,75,75,75,75,75,75,75,75,75,75,75,75,75,75,75,
75,75,75,75,75,75,75,75,75,75,75,75,75,75,75,75,75,75,
75,75,75,75,75,75,75,75,75,75,75,75,75,75,75,75,75,75,
75,75,75,75,75,75,75,75,75,75,75,75,75,75,75,75,75,75,
75,75,75,75,75,75,75,75,75,75,75,75,75,75,75,75,75,75,
75,75,75,75,75,75,75,75,75,75,75,75,75,75,75,75,75,75,
75,75,75,75,75,75,75,75,75,75,75,75,75,75,75,75,75,75,
75,75,75,75,75,75,75,75,75,75,75,75,75,75,75,75,75,75,
75,75,75,75,75,75,75,75,75,75,75,75,75,75,75,75,75,75,
75,75,75,75,75,75,75,75,75,75,75,75,75,75,75,75,75,75,
75,75,75,75,75,75,75,75,75,75,75,75,75,75,75,75,75,75,
75,75,75,75,75,75,75,75,75,75,75,75,75,75,75,75,75,75,
75,75,75,75,75,75,75,75,75,75,75,75,75,75,75,75,75,75,
75,75,75,75,75,75,75,75,75,75,75,75,75,75,75,75,75,75,
75,75,75,75,75,75,75,75,75,75,75,75,75,75,75,75,75,75,
75,75,75,75,75,75,75,75,75,75,75,75,75,75,75,75,75,75,
75,75,75,75,75,75,75,75,75,75,75,75,75,75,75,75,75,75,
75,75,75,75,75,75,75,75,75,75,75,75,75,75,75,75,75,75,
75,75,75,75,75,75,75,75,75,75,75,75,75,75,75,75,75,75,
75,75,75,75,75,75,75,75,75,75,75,75,75,75,75,75,75,75,
75,75,75,75,75,75,75,75,75,75,75,75,75,75,75,75,75,75,
75,75,75,75,75,75,75,75,75,75,75,75,75,75,75,75,75,75,
75,75,75,75,75,75,75,75,75,75,75,75,75,75,75,75,75,75,
75,75,75,75,75,75,75,75,75,75,75,75,75,75,75,75,75,75,
75,75,75,75,75,75,75,75,75,75,75,75,75,75,75,75,75,75,
75,75,75,75,75,75,75,75,75,75,75,75,75,75,75,75,75,75,
75,75,75,75,75,75,75,75,75,75,75,75,75,75,75,75,75,75,
PS_Config_Lmt_FW_Diff_N:,
-75,-75,-75,-75,-75,-75,-75,-75,-75,-75,-75,-75,-75,-75,-75,-75,-75,-75,
-75,-75,-75,-75,-75,-75,-75,-75,-75,-75,-75,-75,-75,-75,-75,-75,-75,-75,
-75,-75,-75,-75,-75,-75,-75,-75,-75,-75,-75,-75,-75,-75,-75,-75,-75,-75,
-75,-75,-75,-75,-75,-75,-75,-75,-75,-75,-75,-75,-75,-75,-75,-75,-75,-75,
-75,-75,-75,-75,-75,-75,-75,-75,-75,-75,-75,-75,-75,-75,-75,-75,-75,-75,
-75,-75,-75,-75,-75,-75,-75,-75,-75,-75,-75,-75,-75,-75,-75,-75,-75,-75,
-75,-75,-75,-75,-75,-75,-75,-75,-75,-75,-75,-75,-75,-75,-75,-75,-75,-75,
-75,-75,-75,-75,-75,-75,-75,-75,-75,-75,-75,-75,-75,-75,-75,-75,-75,-75,
-75,-75,-75,-75,-75,-75,-75,-75,-75,-75,-75,-75,-75,-75,-75,-75,-75,-75,
-75,-75,-75,-75,-75,-75,-75,-75,-75,-75,-75,-75,-75,-75,-75,-75,-75,-75,
-75,-75,-75,-75,-75,-75,-75,-75,-75,-75,-75,-75,-75,-75,-75,-75,-75,-75,
-75,-75,-75,-75,-75,-75,-75,-75,-75,-75,-75,-75,-75,-75,-75,-75,-75,-75,
-75,-75,-75,-75,-75,-75,-75,-75,-75,-75,-75,-75,-75,-75,-75,-75,-75,-75,
-75,-75,-75,-75,-75,-75,-75,-75,-75,-75,-75,-75,-75,-75,-75,-75,-75,-75,
-75,-75,-75,-75,-75,-75,-75,-75,-75,-75,-75,-75,-75,-75,-75,-75,-75,-75,
-75,-75,-75,-75,-75,-75,-75,-75,-75,-75,-75,-75,-75,-75,-75,-75,-75,-75,
-75,-75,-75,-75,-75,-75,-75,-75,-75,-75,-75,-75,-75,-75,-75,-75,-75,-75,
-75,-75,-75,-75,-75,-75,-75,-75,-75,-75,-75,-75,-75,-75,-75,-75,-75,-75,
-75,-75,-75,-75,-75,-75,-75,-75,-75,-75,-75,-75,-75,-75,-75,-75,-75,-75,
-75,-75,-75,-75,-75,-75,-75,-75,-75,-75,-75,-75,-75,-75,-75,-75,-75,-75,
-75,-75,-75,-75,-75,-75,-75,-75,-75,-75,-75,-75,-75,-75,-75,-75,-75,-75,
-75,-75,-75,-75,-75,-75,-75,-75,-75,-75,-75,-75,-75,-75,-75,-75,-75,-75,
-75,-75,-75,-75,-75,-75,-75,-75,-75,-75,-75,-75,-75,-75,-75,-75,-75,-75,
-75,-75,-75,-75,-75,-75,-75,-75,-75,-75,-75,-75,-75,-75,-75,-75,-75,-75,
-75,-75,-75,-75,-75,-75,-75,-75,-75,-75,-75,-75,-75,-75,-75,-75,-75,-75,
-75,-75,-75,-75,-75,-75,-75,-75,-75,-75,-75,-75,-75,-75,-75,-75,-75,-75,
-75,-75,-75,-75,-75,-75,-75,-75,-75,-75,-75,-75,-75,-75,-75,-75,-75,-75,
-75,-75,-75,-75,-75,-75,-75,-75,-75,-75,-75,-75,-75,-75,-75,-75,-75,-75,
-75,-75,-75,-75,-75,-75,-75,-75,-75,-75,-75,-75,-75,-75,-75,-75,-75,-75,
-75,-75,-75,-75,-75,-75,-75,-75,-75,-75,-75,-75,-75,-75,-75,-75,-75,-75,
-75,-75,-75,-75,-75,-75,-75,-75,-75,-75,-75,-75,-75,-75,-75,-75,-75,-75,
-75,-75,-75,-75,-75,-75,-75,-75,-75,-75,-75,-75,-75,-75,-75,-75,-75,-75,
-75,-75,-75,-75,-75,-75,-75,-75,-75,-75,-75,-75,-75,-75,-75,-75,-75,-75,
-75,-75,-75,-75,-75,-75,-75,-75,-75,-75,-75,-75,-75,-75,-75,-75,-75,-75,
-75,-75,-75,-75,-75,-75,-75,-75,-75,-75,-75,-75,-75,-75,-75,-75,-75,-75,
-75,-75,-75,-75,-75,-75,-75,-75,-75,-75,-75,-75,-75,-75,-75,-75,-75,-75,
-75,-75,-75,-75,-75,-75,-75,-75,-75,-75,-75,-75,-75,-75,-75,-75,-75,-75,
-75,-75,-75,-75,-75,-75,-75,-75,-75,-75,-75,-75,-75,-75,-75,-75,-75,-75,
-75,-75,-75,-75,-75,-75,-75,-75,-75,-75,-75,-75,-75,-75,-75,-75,-75,-75,
PS_Config_Lmt_FW_Digital_Diff_P:,
75,75,75,75,75,75,75,75,75,75,75,75,75,75,75,75,75,75,
75,75,75,75,75,75,75,75,75,75,75,75,75,75,75,75,75,75,
75,75,75,75,75,75,75,75,75,75,75,75,75,75,75,75,75,75,
75,75,75,75,75,75,75,75,75,75,75,75,75,75,75,75,75,75,
75,75,75,75,75,75,75,75,75,75,75,75,75,75,75,75,75,75,
75,75,75,75,75,75,75,75,75,75,75,75,75,75,75,75,75,75,
75,75,75,75,75,75,75,75,75,75,75,75,75,75,75,75,75,75,
75,75,75,75,75,75,75,75,75,75,75,75,75,75,75,75,75,75,
75,75,75,75,75,75,75,75,75,75,75,75,75,75,75,75,75,75,
75,75,75,75,75,75,75,75,75,75,75,75,75,75,75,75,75,75,
75,75,75,75,75,75,75,75,75,75,75,75,75,75,75,75,75,75,
75,75,75,75,75,75,75,75,75,75,75,75,75,75,75,75,75,75,
75,75,75,75,75,75,75,75,75,75,75,75,75,75,75,75,75,75,
75,75,75,75,75,75,75,75,75,75,75,75,75,75,75,75,75,75,
75,75,75,75,75,75,75,75,75,75,75,75,75,75,75,75,75,75,
75,75,75,75,75,75,75,75,75,75,75,75,75,75,75,75,75,75,
75,75,75,75,75,75,75,75,75,75,75,75,75,75,75,75,75,75,
75,75,75,75,75,75,75,75,75,75,75,75,75,75,75,75,75,75,
75,75,75,75,75,75,75,75,75,75,75,75,75,75,75,75,75,75,
75,75,75,75,75,75,75,75,75,75,75,75,75,75,75,75,75,75,
75,75,75,75,75,75,75,75,75,75,75,75,75,75,75,75,75,75,
75,75,75,75,75,75,75,75,75,75,75,75,75,75,75,75,75,75,
75,75,75,75,75,75,75,75,75,75,75,75,75,75,75,75,75,75,
75,75,75,75,75,75,75,75,75,75,75,75,75,75,75,75,75,75,
75,75,75,75,75,75,75,75,75,75,75,75,75,75,75,75,75,75,
75,75,75,75,75,75,75,75,75,75,75,75,75,75,75,75,75,75,
75,75,75,75,75,75,75,75,75,75,75,75,75,75,75,75,75,75,
75,75,75,75,75,75,75,75,75,75,75,75,75,75,75,75,75,75,
75,75,75,75,75,75,75,75,75,75,75,75,75,75,75,75,75,75,
75,75,75,75,75,75,75,75,75,75,75,75,75,75,75,75,75,75,
75,75,75,75,75,75,75,75,75,75,75,75,75,75,75,75,75,75,
75,75,75,75,75,75,75,75,75,75,75,75,75,75,75,75,75,75,
75,75,75,75,75,75,75,75,75,75,75,75,75,75,75,75,75,75,
75,75,75,75,75,75,75,75,75,75,75,75,75,75,75,75,75,75,
75,75,75,75,75,75,75,75,75,75,75,75,75,75,75,75,75,75,
75,75,75,75,75,75,75,75,75,75,75,75,75,75,75,75,75,75,
75,75,75,75,75,75,75,75,75,75,75,75,75,75,75,75,75,75,
75,75,75,75,75,75,75,75,75,75,75,75,75,75,75,75,75,75,
75,75,75,75,75,75,75,75,75,75,75,75,75,75,75,75,75,75,
PS_Config_Lmt_FW_Digital_Diff_N:,
-75,-75,-75,-75,-75,-75,-75,-75,-75,-75,-75,-75,-75,-75,-75,-75,-75,-75,
-75,-75,-75,-75,-75,-75,-75,-75,-75,-75,-75,-75,-75,-75,-75,-75,-75,-75,
-75,-75,-75,-75,-75,-75,-75,-75,-75,-75,-75,-75,-75,-75,-75,-75,-75,-75,
-75,-75,-75,-75,-75,-75,-75,-75,-75,-75,-75,-75,-75,-75,-75,-75,-75,-75,
-75,-75,-75,-75,-75,-75,-75,-75,-75,-75,-75,-75,-75,-75,-75,-75,-75,-75,
-75,-75,-75,-75,-75,-75,-75,-75,-75,-75,-75,-75,-75,-75,-75,-75,-75,-75,
-75,-75,-75,-75,-75,-75,-75,-75,-75,-75,-75,-75,-75,-75,-75,-75,-75,-75,
-75,-75,-75,-75,-75,-75,-75,-75,-75,-75,-75,-75,-75,-75,-75,-75,-75,-75,
-75,-75,-75,-75,-75,-75,-75,-75,-75,-75,-75,-75,-75,-75,-75,-75,-75,-75,
-75,-75,-75,-75,-75,-75,-75,-75,-75,-75,-75,-75,-75,-75,-75,-75,-75,-75,
-75,-75,-75,-75,-75,-75,-75,-75,-75,-75,-75,-75,-75,-75,-75,-75,-75,-75,
-75,-75,-75,-75,-75,-75,-75,-75,-75,-75,-75,-75,-75,-75,-75,-75,-75,-75,
-75,-75,-75,-75,-75,-75,-75,-75,-75,-75,-75,-75,-75,-75,-75,-75,-75,-75,
-75,-75,-75,-75,-75,-75,-75,-75,-75,-75,-75,-75,-75,-75,-75,-75,-75,-75,
-75,-75,-75,-75,-75,-75,-75,-75,-75,-75,-75,-75,-75,-75,-75,-75,-75,-75,
-75,-75,-75,-75,-75,-75,-75,-75,-75,-75,-75,-75,-75,-75,-75,-75,-75,-75,
-75,-75,-75,-75,-75,-75,-75,-75,-75,-75,-75,-75,-75,-75,-75,-75,-75,-75,
-75,-75,-75,-75,-75,-75,-75,-75,-75,-75,-75,-75,-75,-75,-75,-75,-75,-75,
-75,-75,-75,-75,-75,-75,-75,-75,-75,-75,-75,-75,-75,-75,-75,-75,-75,-75,
-75,-75,-75,-75,-75,-75,-75,-75,-75,-75,-75,-75,-75,-75,-75,-75,-75,-75,
-75,-75,-75,-75,-75,-75,-75,-75,-75,-75,-75,-75,-75,-75,-75,-75,-75,-75,
-75,-75,-75,-75,-75,-75,-75,-75,-75,-75,-75,-75,-75,-75,-75,-75,-75,-75,
-75,-75,-75,-75,-75,-75,-75,-75,-75,-75,-75,-75,-75,-75,-75,-75,-75,-75,
-75,-75,-75,-75,-75,-75,-75,-75,-75,-75,-75,-75,-75,-75,-75,-75,-75,-75,
-75,-75,-75,-75,-75,-75,-75,-75,-75,-75,-75,-75,-75,-75,-75,-75,-75,-75,
-75,-75,-75,-75,-75,-75,-75,-75,-75,-75,-75,-75,-75,-75,-75,-75,-75,-75,
-75,-75,-75,-75,-75,-75,-75,-75,-75,-75,-75,-75,-75,-75,-75,-75,-75,-75,
-75,-75,-75,-75,-75,-75,-75,-75,-75,-75,-75,-75,-75,-75,-75,-75,-75,-75,
-75,-75,-75,-75,-75,-75,-75,-75,-75,-75,-75,-75,-75,-75,-75,-75,-75,-75,
-75,-75,-75,-75,-75,-75,-75,-75,-75,-75,-75,-75,-75,-75,-75,-75,-75,-75,
-75,-75,-75,-75,-75,-75,-75,-75,-75,-75,-75,-75,-75,-75,-75,-75,-75,-75,
-75,-75,-75,-75,-75,-75,-75,-75,-75,-75,-75,-75,-75,-75,-75,-75,-75,-75,
-75,-75,-75,-75,-75,-75,-75,-75,-75,-75,-75,-75,-75,-75,-75,-75,-75,-75,
-75,-75,-75,-75,-75,-75,-75,-75,-75,-75,-75,-75,-75,-75,-75,-75,-75,-75,
-75,-75,-75,-75,-75,-75,-75,-75,-75,-75,-75,-75,-75,-75,-75,-75,-75,-75,
-75,-75,-75,-75,-75,-75,-75,-75,-75,-75,-75,-75,-75,-75,-75,-75,-75,-75,
-75,-75,-75,-75,-75,-75,-75,-75,-75,-75,-75,-75,-75,-75,-75,-75,-75,-75,
-75,-75,-75,-75,-75,-75,-75,-75,-75,-75,-75,-75,-75,-75,-75,-75,-75,-75,
-75,-75,-75,-75,-75,-75,-75,-75,-75,-75,-75,-75,-75,-75,-75,-75,-75,-75,
PS_Config_Lmt_FlatnessValueOper1_P:,
320,346,278,373,
PS_Config_Lmt_FlatnessValueOper1_N:,
-65535,-65535,-65535,-65535,
PS_Config_Diff_Test_Frame:,
50,
PS_Config_Digital_Diff_Test_Frame:,
50,
